step,phase,total,ce_raw,kl_audio_raw,kl_text_raw,bridge_raw,hidden_raw,seconds_per_step,lr,grad_norm,onpolicy,frames_per_s,peak_mem_gb,skipped_total,epoch
1,P1_align,3.2,17.35652,7.85907,22.69691,2.02093,0.99932,32.788,1.111e-05,4.7391,0,976.0,48.77,0,0.006
10,P1_align,2.20326,11.97092,5.86562,9.28902,1.17336,0.92198,20.707,1.111e-04,4.74,0,1545.4,56.61,0,0.065
20,P1_align,1.50373,9.46598,5.45401,3.55116,0.65906,0.72577,20.708,2.222e-04,2.7191,0,1545.3,56.61,0,0.13
30,P1_align,1.45733,9.29022,5.29439,5.19925,0.64153,0.61963,20.714,3.000e-04,1.949,0,1544.8,56.61,0,0.195
40,P1_align,1.39563,9.69253,4.39528,4.0237,0.595,0.55765,20.719,2.999e-04,1.4765,0,1544.5,56.61,0,0.259
50,P1_align,1.3667,8.69394,4.0883,2.78572,0.54889,0.52838,20.714,2.996e-04,0.4262,0,1544.8,56.61,0,0.324
60,P1_align,1.32135,7.1468,3.64647,2.1528,0.49117,0.50053,20.714,2.992e-04,0.3987,0,1544.8,56.61,0,0.389
70,P1_align,1.34526,6.65913,3.53618,1.89404,0.46577,0.49255,20.712,2.985e-04,0.6745,0,1545.0,56.61,0,0.454
80,P1_align,1.39135,6.65844,3.57721,1.88734,0.45938,0.47771,20.698,2.978e-04,1.8493,0,1546.1,56.61,0,0.519
90,P1_align,1.43144,6.75067,3.54646,1.86239,0.4404,0.47521,20.702,2.968e-04,0.3941,0,1545.7,56.61,0,0.584
100,P1_align,1.42064,5.92526,3.31413,1.5336,0.40676,0.46004,20.71,2.957e-04,0.2751,0,1545.2,56.61,0,0.649
110,P1_align,1.4985,6.01762,3.29646,1.55127,0.40854,0.46023,20.713,2.945e-04,0.2589,0,1544.9,56.61,0,0.714
120,P1_align,1.53758,5.80124,3.33373,1.34547,0.39184,0.4599,20.714,2.931e-04,0.3233,0,1544.8,56.61,0,0.778
130,P1_align,1.5573,5.80142,3.15809,1.44872,0.37988,0.44102,20.705,2.915e-04,0.7605,0,1545.5,56.61,0,0.843
140,P2_behavior,0.91962,5.8883,3.21354,1.39208,0.38234,0.44353,20.716,2.898e-04,1.3387,0,1544.7,56.61,0,0.908
150,P2_behavior,0.94482,5.53503,2.8381,1.35066,0.42173,0.44051,20.722,2.879e-04,0.8598,0,1544.2,56.61,0,0.973
160,P2_behavior,0.92123,4.958,2.5667,1.14662,0.39891,0.44002,20.716,2.859e-04,0.5353,0,1544.7,56.61,0,1.038
170,P2_behavior,0.95341,4.97427,2.49378,1.16212,0.39118,0.43384,20.704,2.837e-04,0.4943,0,1545.6,56.61,0,1.103
180,P2_behavior,1.00394,5.05165,2.53939,1.15754,0.38842,0.43313,20.718,2.814e-04,0.3484,0,1544.6,56.61,0,1.168
190,P2_behavior,1.00092,4.67587,2.32792,1.10722,0.37707,0.42577,20.715,2.789e-04,0.6447,0,1544.8,56.61,0,1.233
200,P2_behavior,1.03985,4.62093,2.36137,1.04305,0.37555,0.42487,20.717,2.763e-04,0.6386,0,1544.6,56.61,0,1.297
210,P2_behavior,1.13971,5.19178,2.2789,1.26286,0.4002,0.42833,20.716,2.735e-04,0.8571,0,1544.7,56.61,0,1.362
220,P2_behavior,1.05222,4.19501,2.17238,0.89657,0.35403,0.41629,20.721,2.707e-04,0.6216,0,1544.3,56.61,0,1.427
230,P2_behavior,1.12217,4.54556,2.02502,1.06484,0.37186,0.41312,20.717,2.677e-04,0.4562,0,1544.7,56.61,0,1.492
240,P2_behavior,1.16492,4.50406,2.06352,1.00837,0.37386,0.41404,20.72,2.645e-04,0.5967,0,1544.4,56.61,0,1.557
250,P2_behavior,1.19368,4.42382,2.00873,1.03659,0.36706,0.40848,20.719,2.613e-04,0.6065,0,1544.5,56.61,0,1.622
260,P2_behavior,1.25501,4.61836,2.03336,0.99884,0.37694,0.4107,20.709,2.579e-04,1.1618,0,1545.2,56.61,0,1.687
270,P2_behavior,1.22652,4.36345,1.75272,1.00391,0.36729,0.39844,20.717,2.544e-04,0.9789,0,1544.6,56.61,0,1.751
280,P2_behavior,1.23652,4.13545,1.75701,0.93392,0.35469,0.39809,20.722,2.508e-04,0.6873,0,1544.2,56.61,0,1.816
290,P2_behavior,1.32364,4.51664,1.75214,0.98514,0.37543,0.39955,20.71,2.472e-04,0.7282,0,1545.1,56.61,0,1.881
300,P2_behavior,1.27491,4.03008,1.6406,0.87988,0.3496,0.39259,20.719,2.434e-04,0.6074,0,1544.4,56.61,0,1.946
310,P2_behavior,1.30817,4.03307,1.62408,0.89195,0.3471,0.38655,20.709,2.395e-04,0.8309,0,1545.2,56.61,0,2.011
320,P2_behavior,1.33281,4.05529,1.55872,0.88687,0.34618,0.38544,20.711,2.355e-04,0.8079,0,1545.0,56.61,0,2.076
330,P2_behavior,1.26753,3.64844,1.35045,0.77357,0.33075,0.38654,20.716,2.314e-04,0.8861,0,1544.7,56.61,0,2.141
340,P2_behavior,1.37676,4.02278,1.48931,0.83834,0.3433,0.37944,20.715,2.273e-04,1.1185,0,1544.8,56.61,0,2.206
350,P2_behavior,1.35695,3.78131,1.29501,0.84407,0.34007,0.38129,20.714,2.230e-04,0.7672,0,1544.8,56.61,0,2.27
360,P2_behavior,1.4478,3.99685,1.4103,0.85903,0.34723,0.383,20.714,2.187e-04,0.9612,0,1544.9,56.61,0,2.335
370,P2_behavior,1.48648,4.13953,1.38324,0.87727,0.34968,0.37441,20.721,2.144e-04,0.9631,0,1544.4,56.61,0,2.4
380,P2_behavior,1.51592,4.1859,1.32432,0.88008,0.35207,0.37841,20.715,2.099e-04,1.083,0,1544.8,56.61,0,2.465
390,P2_behavior,1.42805,3.6873,1.1623,0.77445,0.33531,0.37231,20.715,2.055e-04,0.8565,0,1544.7,56.61,0,2.53
400,P2_behavior,1.47016,3.60054,1.2255,0.79117,0.32802,0.36842,20.715,2.009e-04,0.9523,0,1544.8,56.61,0,2.595
410,P2_behavior,1.47156,3.53919,1.14883,0.80925,0.32133,0.36374,20.715,1.964e-04,1.896,0,1544.8,56.61,0,2.66
420,P2_behavior,1.45997,3.57031,1.05583,0.7713,0.32138,0.3577,20.729,1.917e-04,0.9518,0,1543.7,56.61,0,2.725
430,P2_behavior,1.59761,4.02136,1.17796,0.79662,0.34046,0.36546,20.703,1.871e-04,1.0704,0,1545.7,56.61,0,2.789
440,P2_behavior,1.53599,3.60084,1.08175,0.74065,0.32253,0.36522,20.703,1.824e-04,0.777,0,1545.7,56.61,0,2.854
450,P2_behavior,1.58448,3.75487,1.05406,0.77382,0.33155,0.35651,20.695,1.777e-04,1.0048,0,1546.3,56.61,0,2.919
460,P2_behavior,1.59294,3.62676,1.05389,0.74978,0.32447,0.35705,20.719,1.730e-04,1.061,0,1544.5,56.61,0,2.984
470,P2_behavior,1.48276,3.25399,0.90253,0.66794,0.30448,0.35104,20.693,1.683e-04,1.1583,0,1546.4,56.61,0,3.049
480,P2_behavior,1.55053,3.40587,0.89782,0.70835,0.31468,0.34984,20.712,1.636e-04,1.0229,0,1545.0,56.61,0,3.114
490,P2_behavior,1.58586,3.43011,0.89382,0.70747,0.31456,0.35597,20.699,1.589e-04,0.8858,0,1545.9,56.61,0,3.179
500,P2_behavior,1.66471,3.61073,0.94407,0.74238,0.31971,0.35021,20.695,1.541e-04,1.2076,0,1546.3,56.61,0,3.243
510,P2_behavior,1.63937,3.53114,0.90203,0.71151,0.30909,0.34356,20.694,1.494e-04,1.1244,0,1546.4,56.61,0,3.308
520,P2_behavior,1.70301,3.70387,0.90109,0.72461,0.31983,0.34851,20.698,1.448e-04,1.7353,0,1546.1,56.61,0,3.373
530,P2_behavior,1.70265,3.64233,0.82105,0.74819,0.32035,0.3488,20.698,1.401e-04,1.2076,0,1546.0,56.61,0,3.438
540,P2_behavior,1.66456,3.39271,0.82679,0.67008,0.3098,0.34537,20.696,1.355e-04,1.4003,0,1546.2,56.61,0,3.503
550,P2_behavior,1.61379,3.21062,0.75241,0.65103,0.30042,0.33941,20.712,1.309e-04,1.1935,0,1545.0,56.61,0,3.568
560,P3_on_policy,0.9489,2.60318,0.56756,0.41877,0.28705,0.33504,87.598,1.263e-04,1.7391,1,187.0,49.21,0,3.633
570,P3_on_policy,0.9971,2.53105,0.616,0.39998,0.3059,0.34657,84.669,1.218e-04,1.3163,1,191.6,48.98,0,3.698
580,P3_on_policy,1.4074,3.48614,0.7744,0.77496,0.31859,0.34331,20.705,1.174e-04,1.4824,0,1545.6,56.61,0,3.762
590,P3_on_policy,1.00187,2.32957,0.58543,0.39048,0.30381,0.34264,87.348,1.130e-04,1.4791,1,183.4,49.21,0,3.827
600,P3_on_policy,1.41445,3.25316,0.78253,0.70775,0.30987,0.34267,20.702,1.087e-04,1.5913,0,1545.8,56.61,0,3.892
610,P3_on_policy,1.10666,2.55536,0.61769,0.42471,0.31034,0.34635,88.726,1.044e-04,1.825,1,190.6,49.33,0,3.957
620,P3_on_policy,1.07518,2.79828,0.56873,0.37271,0.29276,0.3321,90.667,1.002e-04,1.8034,1,182.6,49.15,0,4.022
630,P3_on_policy,1.42903,3.22037,0.69869,0.67653,0.31157,0.34321,20.722,9.614e-05,1.6012,0,1544.3,56.61,0,4.087
640,P3_on_policy,1.04107,2.37829,0.51678,0.36513,0.29565,0.34469,89.739,9.212e-05,1.1522,1,188.6,49.35,0,4.152
650,P3_on_policy,1.41985,3.11093,0.64687,0.6473,0.3058,0.34487,20.725,8.819e-05,1.427,0,1544.0,56.61,0,4.217
660,P3_on_policy,0.97147,2.30848,0.45171,0.31626,0.26457,0.32568,90.574,8.436e-05,1.3046,1,186.0,49.33,0,4.281
670,P3_on_policy,1.09613,2.36182,0.5002,0.37158,0.29791,0.34363,90.502,8.062e-05,1.1344,1,184.6,49.29,0,4.346
680,P3_on_policy,1.52478,3.23294,0.64876,0.65804,0.30772,0.33947,20.715,7.698e-05,1.1456,0,1544.8,56.61,0,4.411
690,P3_on_policy,0.99755,2.45917,0.41682,0.29826,0.26069,0.32356,86.382,7.346e-05,1.5883,1,187.4,48.95,0,4.476
700,P3_on_policy,1.38414,2.78104,0.56656,0.5633,0.28791,0.34187,20.709,7.004e-05,1.5614,0,1545.2,56.61,0,4.541
710,P3_on_policy,1.42993,2.87454,0.55016,0.59385,0.29771,0.34127,20.727,6.674e-05,1.5822,0,1543.9,56.61,0,4.606
720,P3_on_policy,1.08033,2.29078,0.43508,0.33221,0.28349,0.33378,89.251,6.357e-05,1.3331,1,184.8,49.2,0,4.671
730,P3_on_policy,1.50876,3.01044,0.55069,0.61568,0.30096,0.34056,20.715,6.051e-05,1.4324,0,1544.8,56.61,0,4.735
740,P3_on_policy,1.08909,2.38142,0.42545,0.32037,0.2695,0.32735,89.523,5.759e-05,1.134,1,186.9,49.21,0,4.8
750,P3_on_policy,1.61861,3.19667,0.60363,0.62326,0.30576,0.34022,20.707,5.479e-05,1.3869,0,1545.4,56.61,0,4.865
760,P3_on_policy,1.66782,3.2217,0.62373,0.63725,0.30955,0.33733,20.716,5.213e-05,1.5561,0,1544.7,56.61,0,4.93
770,P3_on_policy,1.21216,2.36501,0.50169,0.33195,0.29196,0.32789,90.544,4.961e-05,2.33,1,186.6,49.3,0,4.995
780,P3_on_policy,1.60456,3.1309,0.55415,0.60153,0.30763,0.34154,20.709,4.723e-05,2.2839,0,1545.2,56.61,0,5.06
790,P3_on_policy,1.24594,2.39137,0.4528,0.39637,0.28164,0.31007,91.351,4.499e-05,5.9528,1,180.2,49.38,0,5.125
800,P3_on_policy,1.04749,1.92633,0.37863,0.30462,0.26696,0.32062,90.199,4.290e-05,1.3284,1,185.7,49.29,0,5.19
810,P3_on_policy,1.59261,3.00701,0.52162,0.59371,0.29985,0.33907,20.709,4.096e-05,1.506,0,1545.2,56.61,0,5.254
820,P3_on_policy,1.1662,2.37148,0.39697,0.32545,0.28468,0.33172,90.988,3.918e-05,1.3942,1,182.0,49.35,0,5.319
830,P3_on_policy,1.76024,3.31428,0.57442,0.62847,0.31696,0.34139,20.699,3.754e-05,1.845,0,1545.9,56.61,0,5.384
826,P3_on_policy,1.64676,3.08032,0.5416,0.59042,0.29732,0.33154,28.054,3.818e-05,1.4963,0,1140.7,56.61,0,5.358
830,P3_on_policy,1.76142,3.31692,0.57475,0.62866,0.31701,0.34143,20.806,3.754e-05,1.8864,0,1538.0,56.61,0,5.384
826,P3_on_policy,1.64676,3.08032,0.5416,0.59042,0.29732,0.33154,26.196,3.818e-05,1.4963,0,1221.6,56.61,0,5.358
830,P3_on_policy,1.76178,3.31569,0.57453,0.6292,0.31713,0.34145,20.811,3.754e-05,1.8247,0,1537.6,56.61,0,5.384
840,P4_polish,0.95641,2.31634,0.45202,0.31803,0.28442,0.0,84.435,3.606e-05,1.2095,1,189.1,73.45,0,5.449
850,P4_polish,0.94148,2.26524,0.42118,0.32222,0.28672,0.0,82.393,3.474e-05,1.1892,1,192.8,73.24,0,5.514
860,P4_polish,1.32507,3.01877,0.57761,0.5666,0.29514,0.0,11.475,3.358e-05,1.1652,0,2788.8,81.11,0,5.579
870,P4_polish,0.89847,2.25467,0.38165,0.28782,0.26503,0.0,85.003,3.258e-05,1.3794,1,191.4,73.51,0,5.644
880,P4_polish,1.33107,3.00342,0.52243,0.60368,0.30022,0.0,11.567,3.174e-05,1.6014,0,2766.4,81.11,0,5.708
890,P4_polish,1.30739,2.91979,0.50379,0.5955,0.29992,0.0,11.704,3.107e-05,1.0351,0,2734.2,81.11,0,5.773
900,P4_polish,0.90607,2.20242,0.38088,0.28055,0.27224,0.0,84.704,3.056e-05,1.2203,1,193.6,73.51,0,5.838
910,P4_polish,1.4143,3.21775,0.54906,0.60289,0.31007,0.0,11.495,3.021e-05,0.958,0,2783.9,81.11,0,5.903
920,P4_polish,0.94864,2.25762,0.3772,0.32314,0.27962,0.0,87.573,3.003e-05,1.2443,1,193.1,73.64,0,5.968
925,P4_polish,0.90588,2.13801,0.37003,0.29443,0.27199,0.0,86.97,3.000e-05,1.0692,1,193.9,73.54,0,6.0
